<FIXML><AllocInstrctn ID="20012358" TransTyp="0" Typ="2" NoOrdsTyp="1" Side="1" Qty="49183000" AvgPx="99.9970833" Ccy="USD" TrdDt="20031030" TxnTm="2003-10-30T16:31:31" SettlDt="20031030" PxTyp="4"><Hdr SID="ABCINV" TID="BONDBROKER" SeqNum="302" Snt="2003-10-30T16:46:13" /><OrdAlloc ClOrdID="IN2003103001" OrdID="IN2003103001" OrdID2="3303BBRKCP00160" /><AllExc LastQty="49183000" ExecID="3303BBRKCP001601" LastPx="1.05" /><Instrmt Sym="[N/A]" ID="7005A1" Src="1" Issr="PARKGR2" Desc="PARKGR2 10/31/2003" Prod="9" MatDt="20031031" SecTyp="CP" /><Alloc Acct="FUND1" Qty="33094000" /><Alloc Acct="TRUST3" Qty="16089000" /><Pty ID="BBRKUS33" Src="B" R="1" /><Pty ID="jtrader" Src="C" R="11" /></AllocInstrctn></FIXML>