<?xml version="1.0" encoding="UTF-8"?><FIXML xmlns="http://www.fixprotocol.org/FIXML-4-4" xmlns:xsi="http://www.w3.org/2001/XMLSchema-instance" xsi:schemaLocation="http://www.fixprotocol.org/FIXML-4-4 ../../schema/fixml-main-4-4.xsd" v="4.4" r="20030618" s="20040109">	<AllocRpt AcrdIntAmt="55000.0" AvgPx="110.74080" Ccy="USD" GrossTrdAmt="11074080.0" ID="20013212" LastFragment="Y" LastMkt="TRWB" NetMny="11129080.0" NoOrdsTyp="1" PxTyp="1" Qty="10000000.000000" RptID="3349GCMXAG000671" RptTyp="3" SettlDt="2003-12-18" Side="1" Stat="0" TransTyp="0" TrdDt="2003-12-15" TxnTm="2003-12-15T20:29:03">		<Hdr SID="TRADEWEB" SeqNum="544" Snt="2003-12-15T20:29:05.827" TID="XYZFI"/>		<OrdAlloc ClOrdID="NONREF" OrdID2="3349GCMXAG00067"/>		<AllExc ExecID="3349GCMXAG000671" LastPx="110.74080" LastQty="10000000.000000"/>		<Instrmt CpnRt="0.06" Desc="FNMA  6.000 05/15/2008" ID="31359MDU4" Issr="FNMA" Issued="1998-05-11" MatDt="2008-05-15" Prod="1" SecTyp="FAC" Src="1" Sym="[N/A]"/>		<Pty ID="GRNWUS33" R="1" Src="B"/>		<Yield Typ="MATURITY" Yld="0.033575"/>		<Alloc Acct="ACCT 2" AcrdIntAmt="44000.0" NetMny="8903264.0" Qty="8000000">			<Pty ID="DTC" R="4" Src="C"/>		</Alloc>	</AllocRpt></FIXML>