<FIXML><AllocRpt RptID="3303BBRKCP001601" TransTyp="0" ID="20012358" RptTyp="3" Stat="0" TxnTm="2003-10-30T16:46:17" NoOrdsTyp="1" PxTyp="4" Side="1" Ccy="USD" Qty="49183000.000000" AvgPx="99.99708330" TrdDt="20031030" LastMkt="BDTR" GrossTrdAmt="49181565.480" NetMny="49181565.480" SettlDt="20031030" LastFragment="Y"><Hdr SID="BONDBROKER" TID="ABCINV" SeqNum="308" Snt="2003-10-30T16:46:19" /><OrdAlloc ClOrdID="IN2003103001" OrdID2="3303BBRKCP00160" /><AllExc LastQty="49183000.000000" ExecID="3303BBRKCP001601" LastPx="1.050" /><Instrmt Sym="[N/A]" ID="7005A1" Src="1" Prod="9" SecTyp="CP" Issr="PARKGR2" MatDt="20031031" Issued="20031030" Desc="PARKGR2 10/31/2003" /><Pty ID="ABC Investments" Src="C" R="3" /><Pty ID="joe.trader@abcinv.com" Src="C" R="11" /><Pty ID="BBRKUS33" Src="B" R="1" /><Alloc Acct="FUND1" Qty="33094000" AcrdIntAmt="0.0" NetMny="33093034.750" /><Alloc Acct="TRUST3" Qty="16089000" AcrdIntAmt="0.0" NetMny="16088530.730" /></AllocRpt></FIXML>